seed,method,horizon,calibration_horizon,weight_relative_mse,kernel_relative_mse,rollout_relative_mse,tail_rollout_relative_mse,max_radius,unstable_modes,operator_file_bytes,shared_projection_bytes,total_deployed_bytes,fit_elapsed_s,peak_cuda_bytes
0,fp32,64,128,0.0,0.0,0.0,0.0,0.9998864449885886,0,524,4096,4620,0.00043392181396484375,34803200
0,fp32,128,128,0.0,0.0,0.0,0.0,0.9998864449885886,0,524,4096,4620,0.00043392181396484375,36032512
0,fp32,256,128,0.0,0.0,0.0,0.0,0.9998864449885886,0,524,4096,4620,0.00043392181396484375,38482944
0,fp32,512,128,0.0,0.0,0.0,0.0,0.9998864449885886,0,524,4096,4620,0.00043392181396484375,43383808
0,cartesian_nearest,64,128,0.0585551791519661,3.5764116699017644e+16,1950307145209551.5,2661849676958398.5,1.4138592759645126,64,304,4096,4400,0.02562117576599121,36746240
0,cartesian_nearest,128,128,0.0585551791519661,2.965457551575732e+35,1.350640581834191e+34,1.859681174670611e+34,1.4138592759645126,64,304,4096,4400,0.02562117576599121,36746240
0,cartesian_nearest,256,128,0.0585551791519661,4.944761138741144e+73,6.486748249198726e+71,9.11572846323717e+71,1.4138592759645126,64,304,4096,4400,0.02562117576599121,38483968
0,cartesian_nearest,512,128,0.0585551791519661,2.8927823237385957e+150,1.774001768702488e+148,2.5278210103352356e+148,1.4138592759645126,64,304,4096,4400,0.02562117576599121,43384832
0,cartesian_weight,64,128,0.038720272971313856,629448223.5352998,56264636.37006971,76791750.80166924,1.2193636004548913,13,304,4096,4400,0.3329792022705078,36747264
0,cartesian_weight,128,128,0.038720272971313856,3.2709203524090544e+19,2.0189190007068375e+18,2.7798258909581983e+18,1.2193636004548913,13,304,4096,4400,0.3329792022705078,36747264
0,cartesian_weight,256,128,0.038720272971313856,1.9948480808914002e+41,4.467590230387423e+39,6.278236469290068e+39,1.2193636004548913,13,304,4096,4400,0.3329792022705078,38483968
0,cartesian_weight,512,128,0.038720272971313856,1.3945482758152173e+85,1.481219471879179e+83,2.1106279418607438e+83,1.2193636004548913,13,304,4096,4400,0.3329792022705078,43384832
0,cartesian_memory,64,128,1.7861778390806988,214327984872248.3,17010625538761.602,23216716445395.43,1.368675725905982,62,304,4096,4400,0.25714635848999023,38998528
0,cartesian_memory,128,128,1.7861778390806988,2.083578859126951e+31,1.1905990554586739e+30,1.639321874225249e+30,1.368675725905982,62,304,4096,4400,0.25714635848999023,38998528
0,cartesian_memory,256,128,1.7861778390806988,1.0642900684866183e+66,2.1386774446771918e+64,3.0054508217634934e+64,1.368675725905982,62,304,4096,4400,0.25714635848999023,38998528
0,cartesian_memory,512,128,1.7861778390806988,5.158379437443394e+135,3.3099269734136534e+133,4.716400566043368e+133,1.368675725905982,62,304,4096,4400,0.25714635848999023,43384832
0,cartesian_normalized_memory,64,128,1.67765198531135,1.0480249568170943,0.9746519813290403,1.0066576549519917,0.9998864531517028,0,304,4096,4400,0.2580897808074951,38998528
0,cartesian_normalized_memory,128,128,1.67765198531135,1.1375377049677942,1.099910940186629,1.1323476527694158,0.9998864531517028,0,304,4096,4400,0.2580897808074951,38998528
0,cartesian_normalized_memory,256,128,1.67765198531135,1.2308167951726914,1.1746772526563996,1.1992523581657215,0.9998864531517028,0,304,4096,4400,0.2580897808074951,38998528
0,cartesian_normalized_memory,512,128,1.67765198531135,1.4130529893898267,1.2309001951124585,1.2850898291099522,0.9998864531517028,0,304,4096,4400,0.2580897808074951,43384832
0,phase_nearest,64,128,0.010462176281192377,1.4170850302659186,1.357091984733287,1.5370348420245616,0.9998864531517028,0,304,4096,4400,0.0007483959197998047,36747264
0,phase_nearest,128,128,0.010462176281192377,1.5686196004825665,1.50865762874698,1.5901528063147088,0.9998864531517028,0,304,4096,4400,0.0007483959197998047,36747264
0,phase_nearest,256,128,0.010462176281192377,1.6779910798864237,1.6050928527474655,1.675997840716826,0.9998864531517028,0,304,4096,4400,0.0007483959197998047,38483968
0,phase_nearest,512,128,0.010462176281192377,1.7229082801636493,1.5229909381941458,1.5527320812134513,0.9998864531517028,0,304,4096,4400,0.0007483959197998047,43384832
0,phase_weight,64,128,0.010458008871745679,1.3989808775570276,1.341399641068207,1.5173519038224659,0.9998864531517029,0,304,4096,4400,0.13897085189819336,36747264
0,phase_weight,128,128,0.010458008871745679,1.541599446866327,1.490376123633768,1.5689286718721074,0.9998864531517029,0,304,4096,4400,0.13897085189819336,36747264
0,phase_weight,256,128,0.010458008871745679,1.6607326412364152,1.6010858837936526,1.6785012906406993,0.9998864531517029,0,304,4096,4400,0.13897085189819336,38483968
0,phase_weight,512,128,0.010458008871745679,1.6787893199193455,1.5454398253439243,1.5868020414386792,0.9998864531517029,0,304,4096,4400,0.13897085189819336,43384832
0,phase_memory,64,128,1.302868354780504,0.8871453666361071,0.8638215908493716,0.8974284944940314,0.999886453151703,0,304,4096,4400,0.2424931526184082,38998016
0,phase_memory,128,128,1.302868354780504,0.9600889133190421,0.9208472348826016,0.9411036629103544,0.999886453151703,0,304,4096,4400,0.2424931526184082,38998016
0,phase_memory,256,128,1.302868354780504,1.1757293193093499,1.0540425956271948,1.106177195754384,0.999886453151703,0,304,4096,4400,0.2424931526184082,38998016
0,phase_memory,512,128,1.302868354780504,1.286044468049362,1.1647328484328534,1.2254876926916913,0.999886453151703,0,304,4096,4400,0.2424931526184082,43384832
1,fp32,64,128,0.0,0.0,0.0,0.0,0.9998933601455421,0,524,4096,4620,0.0002789497375488281,34926080
1,fp32,128,128,0.0,0.0,0.0,0.0,0.9998933601455421,0,524,4096,4620,0.0002789497375488281,36032512
1,fp32,256,128,0.0,0.0,0.0,0.0,0.9998933601455421,0,524,4096,4620,0.0002789497375488281,38482944
1,fp32,512,128,0.0,0.0,0.0,0.0,0.9998933601455421,0,524,4096,4620,0.0002789497375488281,43383808
1,cartesian_nearest,64,128,0.06789465685657428,4.71025062278637e+16,2284386406747878.5,3152357032927760.5,1.4140464079719008,64,304,4096,4400,0.0007772445678710938,36746240
1,cartesian_nearest,128,128,0.06789465685657428,4.1249212917406e+35,8.503902440652694e+33,1.2044689180664294e+34,1.4140464079719008,64,304,4096,4400,0.0007772445678710938,36746240
1,cartesian_nearest,256,128,0.06789465685657428,6.06460425373524e+73,5.986488486941397e+71,8.440854502433006e+71,1.4140464079719008,64,304,4096,4400,0.0007772445678710938,38483968
1,cartesian_nearest,512,128,0.06789465685657428,2.9238319487053768e+150,1.7333385413333162e+148,2.5313533453899975e+148,1.4140464079719008,64,304,4096,4400,0.0007772445678710938,43384832
1,cartesian_weight,64,128,0.04300660383126512,29461940.95838637,2579520.8396436144,3559551.3748343997,1.1860660398631289,18,304,4096,4400,0.14633846282958984,36747264
1,cartesian_weight,128,128,0.04300660383126512,4.201404075266317e+16,1436854946884347.0,2035121092500141.2,1.1860660398631289,18,304,4096,4400,0.14633846282958984,36747264
1,cartesian_weight,256,128,0.04300660383126512,1.7464971252811014e+35,3.0034600150043804e+33,4.234831328219909e+33,1.1860660398631289,18,304,4096,4400,0.14633846282958984,38483968
1,cartesian_weight,512,128,0.04300660383126512,6.866216634981766e+72,7.640431672398386e+70,1.1158023555670884e+71,1.1860660398631289,18,304,4096,4400,0.14633846282958984,43384832
1,cartesian_memory,64,128,2.420522474315376,123884241895236.0,9134153335503.143,12604746868369.127,1.3686968867188074,64,304,4096,4400,0.24909496307373047,38998528
1,cartesian_memory,128,128,2.420522474315376,1.2233113784130565e+31,3.717347166889298e+29,5.265146385941849e+29,1.3686968867188074,64,304,4096,4400,0.24909496307373047,38998528
1,cartesian_memory,256,128,2.420522474315376,8.13511235720485e+65,1.1121147161993838e+64,1.5680642383143812e+64,1.3686968867188074,64,304,4096,4400,0.24909496307373047,38998528
1,cartesian_memory,512,128,2.420522474315376,4.9474200884074215e+135,2.894910893101111e+133,4.227704051523932e+133,1.3686968867188074,64,304,4096,4400,0.24909496307373047,43384832
1,cartesian_normalized_memory,64,128,1.1407026374795677,1.0796280224996595,0.982453361391671,1.032964200604138,0.9998933672904966,0,304,4096,4400,0.25615358352661133,38998528
1,cartesian_normalized_memory,128,128,1.1407026374795677,1.1304322591536407,1.0803499908010126,1.1202328097721495,0.9998933672904966,0,304,4096,4400,0.25615358352661133,38998528
1,cartesian_normalized_memory,256,128,1.1407026374795677,1.3039806342720168,1.2094471744897461,1.2438605240452074,0.9998933672904966,0,304,4096,4400,0.25615358352661133,38998528
1,cartesian_normalized_memory,512,128,1.1407026374795677,1.4607978134900925,1.3663523583309893,1.449388031069809,0.9998933672904966,0,304,4096,4400,0.25615358352661133,43384832
1,phase_nearest,64,128,0.01465453926437276,1.2752747309062646,1.0978653752771812,1.2137589720772177,0.9998933672904968,0,304,4096,4400,0.0007348060607910156,36747264
1,phase_nearest,128,128,0.01465453926437276,1.4932016532539243,1.3125589993364848,1.406059063541127,0.9998933672904968,0,304,4096,4400,0.0007348060607910156,36747264
1,phase_nearest,256,128,0.01465453926437276,1.7957249718509058,1.5492388727070723,1.6434290755620728,0.9998933672904968,0,304,4096,4400,0.0007348060607910156,38483968
1,phase_nearest,512,128,0.01465453926437276,1.8257241200231618,1.877621249286897,2.0264148638588946,0.9998933672904968,0,304,4096,4400,0.0007348060607910156,43384832
1,phase_weight,64,128,0.010627617587249416,1.66757300535253,1.346380362066439,1.5263572639126266,0.999893367290497,0,304,4096,4400,0.13840699195861816,36747264
1,phase_weight,128,128,0.010627617587249416,1.7972616604198637,1.6442136140819579,1.7678380676797125,0.999893367290497,0,304,4096,4400,0.13840699195861816,36747264
1,phase_weight,256,128,0.010627617587249416,1.8165534767661051,1.8372142766254047,1.8961552493752354,0.999893367290497,0,304,4096,4400,0.13840699195861816,38483968
1,phase_weight,512,128,0.010627617587249416,1.8043399377647953,1.855578208630064,1.8809254478910287,0.999893367290497,0,304,4096,4400,0.13840699195861816,43384832
1,phase_memory,64,128,1.4401307133076198,0.8797205264404423,0.9093381577304497,0.9419278262962791,0.9998933672904968,0,304,4096,4400,0.2340254783630371,38998016
1,phase_memory,128,128,1.4401307133076198,0.9684862102470221,0.9282940304431359,0.9631656193008307,0.9998933672904968,0,304,4096,4400,0.2340254783630371,38998016
1,phase_memory,256,128,1.4401307133076198,1.2189256819910457,1.069186892158221,1.1258555165543835,0.9998933672904968,0,304,4096,4400,0.2340254783630371,38998016
1,phase_memory,512,128,1.4401307133076198,1.5950259585351823,1.3293352655482737,1.4616364978350118,0.9998933672904968,0,304,4096,4400,0.2340254783630371,43384832
2,fp32,64,128,0.0,0.0,0.0,0.0,0.9998939338806715,0,524,4096,4620,0.0002799034118652344,34926080
2,fp32,128,128,0.0,0.0,0.0,0.0,0.9998939338806715,0,524,4096,4620,0.0002799034118652344,36032512
2,fp32,256,128,0.0,0.0,0.0,0.0,0.9998939338806715,0,524,4096,4620,0.0002799034118652344,38482944
2,fp32,512,128,0.0,0.0,0.0,0.0,0.9998939338806715,0,524,4096,4620,0.0002799034118652344,43383808
2,cartesian_nearest,64,128,0.04935022009935398,2843836390910749.0,154181682689744.7,213160109069676.62,1.406808445383428,64,304,4096,4400,0.0007646083831787109,36746240
2,cartesian_nearest,128,128,0.04935022009935398,1.3959231737314223e+34,5.1041760747393354e+32,7.290643492726129e+32,1.406808445383428,64,304,4096,4400,0.0007646083831787109,36746240
2,cartesian_nearest,256,128,0.04935022009935398,7.405844107742368e+71,9.132741569913609e+69,1.2799124891819747e+70,1.406808445383428,64,304,4096,4400,0.0007646083831787109,38483968
2,cartesian_nearest,512,128,0.04935022009935398,3.666413866695962e+147,3.0441736211257894e+145,4.3808023132590714e+145,1.406808445383428,64,304,4096,4400,0.0007646083831787109,43384832
2,cartesian_weight,64,128,0.03621524866517176,11382533336.304504,1023898699.9040487,1415564985.8828275,1.2488960403443576,9,304,4096,4400,0.1440877914428711,36747264
2,cartesian_weight,128,128,0.03621524866517176,1.2205109642441924e+22,4.479539258972628e+20,6.39843204282291e+20,1.2488960403443576,9,304,4096,4400,0.1440877914428711,36747264
2,cartesian_weight,256,128,0.03621524866517176,2.880966745098103e+46,3.960540604942409e+44,5.550518806836307e+44,1.2488960403443576,9,304,4096,4400,0.1440877914428711,38483968
2,cartesian_weight,512,128,0.03621524866517176,3.526713458337995e+95,3.2611075823341493e+93,4.692987134942987e+93,1.2488960403443576,9,304,4096,4400,0.1440877914428711,43384832
2,cartesian_memory,64,128,1.6119346758529631,1.3229470265420709,1.181588424665776,1.2514088913880022,1.021376749621773,36,304,4096,4400,0.24773716926574707,38998528
2,cartesian_memory,128,128,1.6119346758529631,2.8055207432610625,1.6469750842513,1.8539385483534216,1.021376749621773,36,304,4096,4400,0.24773716926574707,38998528
2,cartesian_memory,256,128,1.6119346758529631,238.2546142882271,39.27049552353865,54.32075310346093,1.021376749621773,36,304,4096,4400,0.24773716926574707,38998528
2,cartesian_memory,512,128,1.6119346758529631,9681361.318936491,966210.9615660801,1390430.3538193877,1.021376749621773,36,304,4096,4400,0.24773716926574707,43384832
2,cartesian_normalized_memory,64,128,1.2489290751207194,1.171740094110731,1.1023466120735175,1.1699082594000358,0.9998939633369444,0,304,4096,4400,0.25795769691467285,38998528
2,cartesian_normalized_memory,128,128,1.2489290751207194,1.1834238837861888,1.1461095693737882,1.1880509742564018,0.9998939633369444,0,304,4096,4400,0.25795769691467285,38998528
2,cartesian_normalized_memory,256,128,1.2489290751207194,1.3149479799861874,1.3133312680103202,1.3603620087611175,0.9998939633369444,0,304,4096,4400,0.25795769691467285,38998528
2,cartesian_normalized_memory,512,128,1.2489290751207194,1.387120278804484,1.325709009499253,1.3634757079865476,0.9998939633369444,0,304,4096,4400,0.25795769691467285,43384832
2,phase_nearest,64,128,0.014099543927184158,1.6796687607695238,1.6320616536301917,1.772624453832596,0.9998939633369447,0,304,4096,4400,0.0007205009460449219,36747264
2,phase_nearest,128,128,0.014099543927184158,1.7970085169963272,1.6889303181500936,1.7942437708147487,0.9998939633369447,0,304,4096,4400,0.0007205009460449219,36747264
2,phase_nearest,256,128,0.014099543927184158,1.8997010689464153,1.733535710812675,1.785004678688358,0.9998939633369447,0,304,4096,4400,0.0007205009460449219,38483968
2,phase_nearest,512,128,0.014099543927184158,1.987859178465873,1.9037304586855286,1.9674277978996322,0.9998939633369447,0,304,4096,4400,0.0007205009460449219,43384832
2,phase_weight,64,128,0.011974354405909786,1.7301952622650536,1.3833352812712327,1.548526148356583,0.9998939633369446,0,304,4096,4400,0.13950562477111816,36747264
2,phase_weight,128,128,0.011974354405909786,1.924518912567996,1.7014626526539607,1.8242897945570271,0.9998939633369446,0,304,4096,4400,0.13950562477111816,36747264
2,phase_weight,256,128,0.011974354405909786,1.9499981772220252,1.8420495919697557,1.8838864514387632,0.9998939633369446,0,304,4096,4400,0.13950562477111816,38483968
2,phase_weight,512,128,0.011974354405909786,1.9539396384553325,1.9344631896204068,1.9583724971775864,0.9998939633369446,0,304,4096,4400,0.13950562477111816,43384832
2,phase_memory,64,128,1.4939030821538102,1.0375411481147634,1.0009409502973996,1.0058795783104943,0.9998939633369445,0,304,4096,4400,0.23882484436035156,38998016
2,phase_memory,128,128,1.4939030821538102,1.1028810649273342,1.0519353431652096,1.0824295970961775,0.9998939633369445,0,304,4096,4400,0.23882484436035156,38998016
2,phase_memory,256,128,1.4939030821538102,1.2123543033386555,1.1445362026294512,1.1802038237551273,0.9998939633369445,0,304,4096,4400,0.23882484436035156,38998016
2,phase_memory,512,128,1.4939030821538102,1.3871241684791051,1.2562253533179801,1.3134683436839274,0.9998939633369445,0,304,4096,4400,0.23882484436035156,43384832
